<?xml version="1.0" encoding="UTF-8"?>
<project-private xmlns="http://www.netbeans.org/ns/project-private/1">
    <editor-bookmarks xmlns="http://www.netbeans.org/ns/editor-bookmarks/2" lastBookmarkId="0"/>
    <open-files xmlns="http://www.netbeans.org/ns/projectui-open-files/2">
        <group>
            <file>file:/C:/Users/Usuario/Desktop/Estructura%20de%20Datos%20-%20825%20-%202C2021/Enunciado%20de%20Tareas%20y%20Proyectos%202C2021/Tarea%20%231/Tarea1_825_KarlaAguilarGonzalez_2C2021/src/Vistas/Splash.java</file>
            <file>file:/C:/Users/Usuario/Desktop/Estructura%20de%20Datos%20-%20825%20-%202C2021/Enunciado%20de%20Tareas%20y%20Proyectos%202C2021/Tarea%20%231/Tarea1_825_KarlaAguilarGonzalez_2C2021/src/Vistas/MenuPrincipal.java</file>
        </group>
    </open-files>
</project-private>
